,Suburb,Address,Type,Rooms,Landsize,BuildingArea,Price,Distance,Postcode,CouncilArea,Regionname
687,Balwyn North,9 Gildan St,h,3,75100.0,,2000000.0,9.2,3104.0,Boroondara,Southern Metropolitan
13245,New Gisborne,71 Hamilton Rd,h,5,44500.0,44515.0,1355000.0,48.1,3438.0,,Northern Victoria
5194,Reservoir,14 Beenak St,h,3,41400.0,,572000.0,11.2,3073.0,Darebin,Northern Metropolitan
11371,Gisborne,21 Braeside Rd,h,4,40468.0,,807000.0,45.9,3437.0,Macedon Ranges,Northern Victoria
3942,Maribyrnong,44/2 Horizon Dr,u,2,37000.0,,495000.0,8.7,3032.0,Maribyrnong,Western Metropolitan
9223,Maribyrnong,2/6 Horizon Dr,u,2,37000.0,90.0,585000.0,4.3,3032.0,Maribyrnong,Western Metropolitan
8241,Port Melbourne,55/4 Seisman Pl,u,2,21715.0,99.0,1030000.0,3.8,3207.0,Port Phillip,Southern Metropolitan
12504,Gisborne,204 Panorama Dr,h,4,20200.0,189.0,780000.0,45.9,3437.0,,Northern Victoria
5694,South Yarra,504/79 River St,u,2,17200.0,,827000.0,3.3,3141.0,Stonnington,Southern Metropolitan
10819,South Yarra,308/800 Chapel St,u,2,17200.0,79.0,762500.0,2.7,3141.0,Stonnington,Southern Metropolitan
