,Suburb,Address,Type,Rooms,BuildingArea,Landsize,Price,Distance,YearBuilt
13245,New Gisborne,71 Hamilton Rd,h,5,44515.0,44500.0,1355000.0,48.1,
1484,Bulleen,19 Warringal St,h,4,6791.0,732.0,1280000.0,11.8,
2560,Fitzroy North,186 Queens Pde,t,2,3558.0,2778.0,930000.0,3.5,
1588,Camberwell,46 Athelstan Rd,h,5,3112.0,730.0,2608000.0,7.8,1920.0
2234,Elsternwick,5/16 St Georges Rd,u,2,1561.0,0.0,741000.0,8.5,1966.0
2830,Glen Iris,1/58 Edgar St N,t,2,1143.0,0.0,600000.0,9.2,
3640,Kew,24 Fitzwilliam St,h,5,1022.0,531.0,1975000.0,5.6,1890.0
12064,Lalor,52 Monash St,h,3,934.0,532.0,580500.0,16.3,1980.0
10920,Brighton,23 Arthur Av,h,5,826.8367,818.0,3000000.0,10.5,
7172,Ormond,9 Queen St,h,4,808.0,805.0,1920000.0,11.8,1925.0
