Feature,Available_Pairs,Pearson,Spearman
Rooms,10864,0.49443744732895106,0.5401469206920816
Bedroom2,10864,0.471533864631845,0.5227720947729907
Bathroom,10864,0.46268806639936305,0.4292116422992354
Car,10814,0.22898424068699055,0.2843028949453968
Distance,10864,-0.16215529682872795,-0.13030740315443262
Landsize,10864,0.04761864244167055,0.3268743731460323
BuildingArea,5735,0.08160934369834084,0.6265119330631086
YearBuilt,6578,-0.33233710417103124,-0.3649482914032458
Propertycount,10864,-0.04562585851403274,-0.018966334178375368
