,Rooms,Bedroom2,Bathroom,Car,Distance,Landsize,BuildingArea,YearBuilt,Propertycount
Rooms,1.0,0.9403141300155606,0.5914048772663596,0.41072360563848226,0.2952666719777394,0.07015745356307293,0.1166116057408432,-0.06493519653086201,-0.08965221637354191
Bedroom2,0.9403141300155606,1.0,0.5823171940965894,0.40667444446225215,0.29649607559093333,0.06924979003074755,0.11498973803508844,-0.051651608548208404,-0.09211354374871268
Bathroom,0.5914048772663596,0.5823171940965894,1.0,0.3260928556882865,0.1290999945931979,0.05535966616767409,0.10413830214145883,0.15774205553517645,-0.06012757259580461
Car,0.41072360563848226,0.40667444446225215,0.3260928556882865,1.0,0.2710379699959618,0.09085346179869767,0.0956814281391366,0.12396711928541142,-0.02484863295893083
Distance,0.2952666719777394,0.29649607559093333,0.1290999945931979,0.2710379699959618,1.0,0.08490648053715436,0.10571859541807871,0.25385518591919914,-0.05782462810743395
Landsize,0.07015745356307293,0.06924979003074755,0.05535966616767409,0.09085346179869767,0.08490648053715436,1.0,0.5163630159141254,0.03657934771546148,8.323889676881729e-05
BuildingArea,0.1166116057408432,0.11498973803508844,0.10413830214145883,0.0956814281391366,0.10571859541807871,0.5163630159141254,1.0,0.01826780495069611,-0.030979509881619124
YearBuilt,-0.06493519653086201,-0.051651608548208404,0.15774205553517645,0.12396711928541142,0.25385518591919914,0.03657934771546148,0.01826780495069611,1.0,0.007463823574736224
Propertycount,-0.08965221637354191,-0.09211354374871268,-0.06012757259580461,-0.02484863295893083,-0.05782462810743395,8.323889676881729e-05,-0.030979509881619124,0.007463823574736224,1.0
